entity_id,company,primary_layer,atlas_status,official_url,headquarters,verified_products,origin_status,manufacturing_in_india,import_dependency,defence_relevance,evidence_level,opportunity_surface,last_verified,source_url
droneexpo26-aerodrones-india-company,Aerodrones India Company,UAV OEM / Services,B,,,,Unknown—verify,Unknown—verify,Unknown—verify,Unknown—verify,Expo-listed; OSINT screening,,2026-09-29,https://www.droneexpo.in/exhibitors-list
droneexpo26-arkin-labs-private-limited,Arkin Labs Private Limited,Avionics / GNSS / Autopilot,A,https://arkinlabs.in/,"Chennai, India",AeroMind flight controllers/autopilots; Navroc GNSS; sensors/peripherals; power systems; ground control,Indian company; company states products designed/manufactured in India,Company states yes,Unknown—verify,Company states deployment across OEM and defence programmes,Primary company source,Indian drone brain / avionics localisation,2026-09-29,https://www.droneexpo.in/exhibitors-list
droneexpo26-ascend-powerpacks-private-limited,Ascend Powerpacks Private Limited,Battery / BMS,A,https://www.ascendpowerpacks.com/,"Hyderabad, Telangana, India",Drone Li-ion packs; Li-HV; semi-solid-state packs; intelligent BMS; smart charging,Indian battery-pack company; cell origin requires verification per product,Company states design/manufacture/service of battery packs,Unknown—verify,Company lists research and defence applications,Primary company source,Drone battery pack localisation / cell dependency,2026-09-29,https://www.droneexpo.in/exhibitors-list
droneexpo26-atc-energies-system-limited,ATC Energies System Limited,Battery / Energy,B,,,,Unknown—verify,Unknown—verify,Unknown—verify,Unknown—verify,Expo-listed; OSINT screening,,2026-09-29,https://www.droneexpo.in/exhibitors-list
droneexpo26-axldrone-india-private-limited,Axldrone India Private Limited,UAV OEM,B,,,,Unknown—verify,Unknown—verify,Unknown—verify,Unknown—verify,Expo-listed; OSINT screening,,2026-09-29,https://www.droneexpo.in/exhibitors-list
droneexpo26-beni-aerospace-private-limited,Beni Aerospace Private Limited,VTOL / Advanced UAV,B,,,,Unknown—verify,Unknown—verify,Unknown—verify,Unknown—verify,Expo-listed; OSINT screening,,2026-09-29,https://www.droneexpo.in/exhibitors-list
droneexpo26-bharat-skytech-private-limited,Bharat Skytech Private Limited,Components / Distribution,A,,,,Unknown—verify,Unknown—verify,Unknown—verify,Unknown—verify,Expo-listed; OSINT screening,,2026-09-29,https://www.droneexpo.in/exhibitors-list
droneexpo26-bharatrohan-airborne-innovations-limited,Bharatrohan Airborne Innovations Limited,Payload / Agriculture / Hyperspectral,B,,,,Unknown—verify,Unknown—verify,Unknown—verify,Unknown—verify,Expo-listed; OSINT screening,,2026-09-29,https://www.droneexpo.in/exhibitors-list
droneexpo26-craftifai-technologies-private-limited,Craftifai Technologies Private Limited,AI / Software,B,,,,Unknown—verify,Unknown—verify,Unknown—verify,Unknown—verify,Expo-listed; OSINT screening,,2026-09-29,https://www.droneexpo.in/exhibitors-list
droneexpo26-decouvertes-future-tech-private-limited,Decouvertes Future Tech Private Limited,UAV / Emerging Technology,B,,,,Unknown—verify,Unknown—verify,Unknown—verify,Unknown—verify,Expo-listed; OSINT screening,,2026-09-29,https://www.droneexpo.in/exhibitors-list
droneexpo26-drogo-aerospace-pvt-ltd,Drogo Aerospace Pvt Ltd,Defence UAV / Loitering,A,https://drogoaerospace.com/,,Defence UAVs; JK-250e; ISR and loitering-munition development,Indian defence UAV company,Public reporting indicates Indian manufacturing expansion; verify current facility status,Unknown—verify,Public reporting of Indian Army delivery; strategic partnership reporting on loitering systems,Company + secondary reporting; procurement/delivery details should be re-verified,Defence UAV scale-up / loitering munition ecosystem,2026-09-29,https://www.droneexpo.in/exhibitors-list
droneexpo26-edithfpv,EDITHFPV,FPV / UAV,B,,,,Unknown—verify,Unknown—verify,Unknown—verify,Unknown—verify,Expo-listed; OSINT screening,,2026-09-29,https://www.droneexpo.in/exhibitors-list
droneexpo26-enovix-research-and-development-services-india-limited,Enovix Research and Development Services India Limited,Battery Technology,A,,,,Unknown—verify,Unknown—verify,Unknown—verify,Unknown—verify,Expo-listed; OSINT screening,,2026-09-29,https://www.droneexpo.in/exhibitors-list
droneexpo26-espacio-aeronext-private-limited,Espacio Aeronext Private Limited,Aerospace / UAV,B,,,,Unknown—verify,Unknown—verify,Unknown—verify,Unknown—verify,Expo-listed; OSINT screening,,2026-09-29,https://www.droneexpo.in/exhibitors-list
droneexpo26-fc-tecnrgy-private-limited,FC TecNrgy Private Limited,Battery / Energy,B,,,,Unknown—verify,Unknown—verify,Unknown—verify,Unknown—verify,Expo-listed; OSINT screening,,2026-09-29,https://www.droneexpo.in/exhibitors-list
droneexpo26-fligen-systems-private-limited,Fligen Systems Private Limited,UAV OEM,A,,,,Unknown—verify,Unknown—verify,Unknown—verify,Unknown—verify,Expo-listed; OSINT screening,,2026-09-29,https://www.droneexpo.in/exhibitors-list
droneexpo26-godi-nova-india-private-limited,Godi Nova India Private Limited,Battery Cells / Energy,B,,,,Unknown—verify,Unknown—verify,Unknown—verify,Unknown—verify,Expo-listed; OSINT screening,,2026-09-29,https://www.droneexpo.in/exhibitors-list
droneexpo26-hydrocopter,HYDROCOPTER,UAV / Advanced Platform,B,,,,Unknown—verify,Unknown—verify,Unknown—verify,Unknown—verify,Expo-listed; OSINT screening,,2026-09-29,https://www.droneexpo.in/exhibitors-list
droneexpo26-janatics-industrial-automation-private-limited,Janatics Industrial Automation Private Limited,Industrial Automation,B,,,,Unknown—verify,Unknown—verify,Unknown—verify,Unknown—verify,Expo-listed; OSINT screening,,2026-09-29,https://www.droneexpo.in/exhibitors-list
droneexpo26-jsm-composites-pvt-ltd,JSM Composites Pvt. Ltd.,Composites,B,,,,Unknown—verify,Unknown—verify,Unknown—verify,Unknown—verify,Expo-listed; OSINT screening,,2026-09-29,https://www.droneexpo.in/exhibitors-list
droneexpo26-macnica-cytech-india-pvt-ltd,Macnica Cytech India Pvt Ltd,Semiconductors / Electronics,A,,,,Unknown—verify,Unknown—verify,Unknown—verify,Unknown—verify,Expo-listed; OSINT screening,,2026-09-29,https://www.droneexpo.in/exhibitors-list
droneexpo26-maksat-technologies-pvt-ltd,Maksat Technologies Pvt Ltd,UAV Communications / RF,A,,,,Unknown—verify,Unknown—verify,Unknown—verify,Unknown—verify,Expo-listed; OSINT screening,,2026-09-29,https://www.droneexpo.in/exhibitors-list
droneexpo26-mehta-hitech-industries-limited,Mehta Hitech Industries Limited,Materials / Manufacturing,B,,,,Unknown—verify,Unknown—verify,Unknown—verify,Unknown—verify,Expo-listed; OSINT screening,,2026-09-29,https://www.droneexpo.in/exhibitors-list
droneexpo26-millennium-semiconductors-india-private-limited,Millennium Semiconductors India Private Limited,Semiconductors / Components,A,https://www.millenniumsemi.com/solutions/drones/,,"Drone component supply across processors, CMOS sensors, GPS/cellular, sensors, motor control, MOSFETs, Hall sensors, BMS, power and connectors",Indian distributor/integrator of globally sourced component brands,Not established; primarily component distribution/design support,High relevance: public drone portfolio names multiple foreign component suppliers,Unknown—verify,Primary company source,Drone electronics dependency mapping,2026-09-29,https://www.droneexpo.in/exhibitors-list
droneexpo26-nicomatic-india-electronics-private-limited,Nicomatic India Electronics Private Limited,Connectors / Interconnects,A,https://www.nicomatic.com/company/subsidiaries/nicomatic-india,"Bengaluru, Karnataka, India",Electrical/electronic connectors and cable assemblies; MIL-standard interconnect solutions,Indian manufacturing subsidiary of French Nicomatic Group,Company states manufacturing since 2022,Unknown—verify,"Company lists defence optronics, radar, missiles, military communications and drones",Primary company source,UAV interconnect / harness localisation,2026-09-29,https://www.droneexpo.in/exhibitors-list
droneexpo26-ninetron-tech,Ninetron Tech,Components / Geospatial / Services,B,,,,Unknown—verify,Unknown—verify,Unknown—verify,Unknown—verify,Expo-listed; OSINT screening,,2026-09-29,https://www.droneexpo.in/exhibitors-list
droneexpo26-nirmitsu-design-labs-private-limited,Nirmitsu Design Labs Private Limited,Design / AI / Technology,B,,,,Unknown—verify,Unknown—verify,Unknown—verify,Unknown—verify,Expo-listed; OSINT screening,,2026-09-29,https://www.droneexpo.in/exhibitors-list
droneexpo26-nitpro-composites,Nitpro Composites,Composites,B,,,,Unknown—verify,Unknown—verify,Unknown—verify,Unknown—verify,Expo-listed; OSINT screening,,2026-09-29,https://www.droneexpo.in/exhibitors-list
droneexpo26-nsure-reliable-power-solutions-private-limited,Nsure Reliable Power Solutions Private Limited,Battery Cells / Energy,A,,,,Unknown—verify,Unknown—verify,Unknown—verify,Unknown—verify,Expo-listed; OSINT screening,,2026-09-29,https://www.droneexpo.in/exhibitors-list
droneexpo26-phillips-machine-tools-india-private-limited,Phillips Machine Tools India Private Limited,Manufacturing Equipment,A,,,,Unknown—verify,Unknown—verify,Unknown—verify,Unknown—verify,Expo-listed; OSINT screening,,2026-09-29,https://www.droneexpo.in/exhibitors-list
droneexpo26-rangsons-aerospace-private-limited,Rangsons Aerospace Private Limited,Aerospace / SATCOM / EW / UAV,A,https://www.rangsonsaerospace.com/,India,EW suite; RWR; electronic jamming; aerospace systems; defence technology; mission systems,Indian aerospace/defence engineering company,Company states integrated R&D/manufacturing capability,Unknown—verify,Company identifies MoD/IAF EW programme and mission-critical defence systems,Primary company source,UAV communications / EW / defence subsystems,2026-09-29,https://www.droneexpo.in/exhibitors-list
droneexpo26-robu-in,Robu.in,Components / Distribution / Manufacturing,A,,,,Unknown—verify,Unknown—verify,Unknown—verify,Unknown—verify,Expo-listed; OSINT screening,,2026-09-29,https://www.droneexpo.in/exhibitors-list
droneexpo26-sanh-systems-private-limited,SANH Systems Private Limited,Autonomous UAV / AI,A,https://sanhsystems.com/,"Gujarat, India","Multi-mission drones, VTOL, heavy-payload UAVs, AI, IoT, simulation, Drone-as-a-Service",Indian company; company states designed and manufactured in India,Company states yes,Unknown—verify,Company identifies defence-aligned applications and defence sector,Primary company source,Autonomous multi-mission UAV systems,2026-09-29,https://www.droneexpo.in/exhibitors-list
droneexpo26-shephertz-technologies-private-limited,ShepHertz Technologies Private Limited,Cloud / Software / AI,B,,,,Unknown—verify,Unknown—verify,Unknown—verify,Unknown—verify,Expo-listed; OSINT screening,,2026-09-29,https://www.droneexpo.in/exhibitors-list
droneexpo26-siechem-technologies-private-limited,SIECHEM Technologies Private Limited,Materials / Manufacturing,B,,,,Unknown—verify,Unknown—verify,Unknown—verify,Unknown—verify,Expo-listed; OSINT screening,,2026-09-29,https://www.droneexpo.in/exhibitors-list
droneexpo26-skyi-composites-private-limited,SKYi Composites Private Limited,Composites,B,,,,Unknown—verify,Unknown—verify,Unknown—verify,Unknown—verify,Expo-listed; OSINT screening,,2026-09-29,https://www.droneexpo.in/exhibitors-list
droneexpo26-sparrotronics-private-limited,Sparrotronics Private Limited,Electronics / UAV,B,,,,Unknown—verify,Unknown—verify,Unknown—verify,Unknown—verify,Expo-listed; OSINT screening,,2026-09-29,https://www.droneexpo.in/exhibitors-list
droneexpo26-stellar-invictus-private-limited,Stellar Invictus Private Limited,UAS / C-UAS / AI,A,,,,Unknown—verify,Unknown—verify,Unknown—verify,Unknown—verify,Expo-listed; OSINT screening,,2026-09-29,https://www.droneexpo.in/exhibitors-list
droneexpo26-t-motor,T-MOTOR,Propulsion / Motors,A,https://store.tmotor.com/,,"UAV motors, ESCs and propulsion systems",Foreign/global propulsion supplier,Not established,Unknown—verify,Unknown—verify,Primary company source,Global propulsion benchmark / import dependency comparator,2026-09-29,https://www.droneexpo.in/exhibitors-list
droneexpo26-tactix-ai,Tactix Ai,AI / Defence / Autonomous Systems,B,,,,Unknown—verify,Unknown—verify,Unknown—verify,Unknown—verify,Expo-listed; OSINT screening,,2026-09-29,https://www.droneexpo.in/exhibitors-list
droneexpo26-te-connectivity,TE Connectivity,Connectors / Sensors / Power,A,https://www.te.com/en/industries/defense-military/applications/unmanned-aerial-vehicles.html,,"UAV RF connectors, cables, wiring, power connectors, DEUTSCH Wildcat UAV connectors",Foreign multinational supplier,Not established for the specific UAV portfolio,Unknown—verify,Dedicated defence UAV interconnect portfolio,Primary company source,Critical UAV interconnect technology benchmark,2026-09-29,https://www.droneexpo.in/exhibitors-list
droneexpo26-thrust-link-aerospace-drone-technologies,Thrust Link Aerospace & Drone Technologies,Propulsion / UAV,B,,,,Unknown—verify,Unknown—verify,Unknown—verify,Unknown—verify,Expo-listed; OSINT screening,,2026-09-29,https://www.droneexpo.in/exhibitors-list
droneexpo26-tobitek-private-limited,Tobitek Private Limited,Propulsion / BLDC Motors,A,,,,Unknown—verify,Unknown—verify,Unknown—verify,Unknown—verify,Expo-listed; OSINT screening,,2026-09-29,https://www.droneexpo.in/exhibitors-list
droneexpo26-uas-glory-air,UAS Glory Air,UAV / Services,B,,,,Unknown—verify,Unknown—verify,Unknown—verify,Unknown—verify,Expo-listed; OSINT screening,,2026-09-29,https://www.droneexpo.in/exhibitors-list
droneexpo26-uavgarage-private-limited,UAVGarage Private Limited,Components / Payloads / Distribution,A,,,,Unknown—verify,Unknown—verify,Unknown—verify,Unknown—verify,Expo-listed; OSINT screening,,2026-09-29,https://www.droneexpo.in/exhibitors-list
droneexpo26-vajron-global-tech-private-limited,Vajron Global Tech Private Limited,C-UAS / Autonomous Systems,A,,,,Unknown—verify,Unknown—verify,Unknown—verify,Unknown—verify,Expo-listed; OSINT screening,,2026-09-29,https://www.droneexpo.in/exhibitors-list
droneexpo26-vayuron-advanced-systems-private-limited,Vayuron Advanced Systems Private Limited,Defence UAV / ISR / Loitering,A,https://www.vayuronadvancedsystems.com/,"Bhopal, Madhya Pradesh, India",Defence-grade UAV development; fixed-wing ISR; Ghost Stalker VTOL claim,Indian company; indigenous architecture is company-reported,Not independently established in this pass,Unknown—verify,"Company states defence-grade UAV, ISR and tactical development",Company primary/LinkedIn; operational claims require verification,Emerging defence ISR / VTOL / loitering architecture,2026-09-29,https://www.droneexpo.in/exhibitors-list
droneexpo26-vu-dynamics-private-limited,VU-Dynamics Private Limited,Defence UAV / Autonomy,A,https://vudynamics.co.in/,"IIT Kanpur/SIIC, Uttar Pradesh, India",Aerial platforms; launchers; simulators,IIT Kanpur-incubated Indian company; indigenous development stated by IIT Kanpur/PATH,"Company/partner sources state design, development and manufacturing",Unknown—verify,Defence-focused autonomous aerial platforms and Mhow R&D collaboration,Primary company + IIT Kanpur source,Defence UAV platforms / launch-and-recovery / simulation,2026-09-29,https://www.droneexpo.in/exhibitors-list
droneexpo26-warg-robotics,WARG Robotics,Autonomous Air/Ground Robotics,A,https://www.wargrobotics.com/,"Bengaluru, India",Digital low-latency video/telemetry; autonomous flight supervision; FPV air and ground platforms,Indian company; proprietary technology claimed,Not established,Unknown—verify,"Autonomy, encrypted digital link and unmanned air/ground architecture",Primary company source,Air-ground autonomy + secure datalink,2026-09-29,https://www.droneexpo.in/exhibitors-list
droneexpo26-xingto-battery,XINGTO BATTERY,Battery / Energy,B,,,,Unknown—verify,Unknown—verify,Unknown—verify,Unknown—verify,Expo-listed; OSINT screening,,2026-09-29,https://www.droneexpo.in/exhibitors-list
droneexpo26-yali-aerospace-private-limited,Yali Aerospace Private Limited,UAV / Autonomous Networks,B,,,,Unknown—verify,Unknown—verify,Unknown—verify,Unknown—verify,Expo-listed; OSINT screening,,2026-09-29,https://www.droneexpo.in/exhibitors-list
droneexpo26-yari-robotics-private-limited,YARI Robotics Private Limited,Avionics / GNSS / ESC / Data,A,https://yarirobotics.com/,"Coimbatore, Tamil Nadu, India",V6X flight controller; GNSS modules; power modules; ESCs; sensors; YARI Atlas data platform,Indian company; company states V6X designed and built in India,Company states yes for V6X,Unknown—verify,"Company targets defence, commercial, research and development teams",Primary company source,Flight-control + autonomy data infrastructure,2026-09-29,https://www.droneexpo.in/exhibitors-list
droneexpo26-zerosum-technologies-pvt-ltd,Zerosum Technologies Pvt Ltd.,UAV Subsystems / Propulsion / Navigation / RF,A,https://www.zerosumtechnologies.com/,,"UAV propulsion, autopilots, GNSS-denied navigation, RF communications, parachute recovery, testing",Indian engineering/integration company; technology-partnership model should be mapped,Mixed/unknown,Unknown—verify,UAV subsystem and navigation/communications relevance,Primary company source; technology-origin claims require component-level verification,UAV subsystem integration / GNSS-denied navigation,2026-09-29,https://www.droneexpo.in/exhibitors-list
droneexpo26-zspace-robotics-private-limited,ZSpace Robotics Private Limited,Robotics / Autonomous Systems,B,,,,Unknown—verify,Unknown—verify,Unknown—verify,Unknown—verify,Expo-listed; OSINT screening,,2026-09-29,https://www.droneexpo.in/exhibitors-list
