company,atlas_status,recommended_action,primary_layer,opportunity_surface,evidence_level,note
Aerodrones India Company,B,VERIFY_EXISTING_MATCH,UAV OEM / Services,,Expo-listed; OSINT screening,No exact public Techadyant player-page match found in the web search; confirm against the repo/entity index before insertion.
Arkin Labs Private Limited,A,NEW_ENTITY,Avionics / GNSS / Autopilot,Indian drone brain / avionics localisation,Primary company source,Proposed new Atlas entity. Confirm against the repo/entity index before insertion; public web search found no exact Techadyant player-page match.
Ascend Powerpacks Private Limited,A,NEW_ENTITY,Battery / BMS,Drone battery pack localisation / cell dependency,Primary company source,Proposed new Atlas entity. Confirm against the repo/entity index before insertion; public web search found no exact Techadyant player-page match.
ATC Energies System Limited,B,NEW_ENTITY,Battery / Energy,,Expo-listed; OSINT screening,Proposed new Atlas entity. Confirm against the repo/entity index before insertion; public web search found no exact Techadyant player-page match.
Axldrone India Private Limited,B,NEW_ENTITY,UAV OEM,,Expo-listed; OSINT screening,Proposed new Atlas entity. Confirm against the repo/entity index before insertion; public web search found no exact Techadyant player-page match.
Beni Aerospace Private Limited,B,NEW_ENTITY,VTOL / Advanced UAV,,Expo-listed; OSINT screening,Proposed new Atlas entity. Confirm against the repo/entity index before insertion; public web search found no exact Techadyant player-page match.
Bharat Skytech Private Limited,A,NEW_ENTITY,Components / Distribution,,Expo-listed; OSINT screening,Proposed new Atlas entity. Confirm against the repo/entity index before insertion; public web search found no exact Techadyant player-page match.
Bharatrohan Airborne Innovations Limited,B,NEW_ENTITY,Payload / Agriculture / Hyperspectral,,Expo-listed; OSINT screening,Proposed new Atlas entity. Confirm against the repo/entity index before insertion; public web search found no exact Techadyant player-page match.
Craftifai Technologies Private Limited,B,NEW_ENTITY,AI / Software,,Expo-listed; OSINT screening,Proposed new Atlas entity. Confirm against the repo/entity index before insertion; public web search found no exact Techadyant player-page match.
Decouvertes Future Tech Private Limited,B,NEW_ENTITY,UAV / Emerging Technology,,Expo-listed; OSINT screening,Proposed new Atlas entity. Confirm against the repo/entity index before insertion; public web search found no exact Techadyant player-page match.
Drogo Aerospace Pvt Ltd,A,NEW_ENTITY,Defence UAV / Loitering,Defence UAV scale-up / loitering munition ecosystem,Company + secondary reporting; procurement/delivery details should be re-verified,Proposed new Atlas entity. Confirm against the repo/entity index before insertion; public web search found no exact Techadyant player-page match.
EDITHFPV,B,NEW_ENTITY,FPV / UAV,,Expo-listed; OSINT screening,Proposed new Atlas entity. Confirm against the repo/entity index before insertion; public web search found no exact Techadyant player-page match.
Enovix Research and Development Services India Limited,A,VERIFY_EXISTING_MATCH,Battery Technology,,Expo-listed; OSINT screening,No exact public Techadyant player-page match found in the web search; confirm against the repo/entity index before insertion.
Espacio Aeronext Private Limited,B,VERIFY_EXISTING_MATCH,Aerospace / UAV,,Expo-listed; OSINT screening,No exact public Techadyant player-page match found in the web search; confirm against the repo/entity index before insertion.
FC TecNrgy Private Limited,B,NEW_ENTITY,Battery / Energy,,Expo-listed; OSINT screening,Proposed new Atlas entity. Confirm against the repo/entity index before insertion; public web search found no exact Techadyant player-page match.
Fligen Systems Private Limited,A,NEW_ENTITY,UAV OEM,,Expo-listed; OSINT screening,Proposed new Atlas entity. Confirm against the repo/entity index before insertion; public web search found no exact Techadyant player-page match.
Godi Nova India Private Limited,B,NEW_ENTITY,Battery Cells / Energy,,Expo-listed; OSINT screening,Proposed new Atlas entity. Confirm against the repo/entity index before insertion; public web search found no exact Techadyant player-page match.
HYDROCOPTER,B,NEW_ENTITY,UAV / Advanced Platform,,Expo-listed; OSINT screening,Proposed new Atlas entity. Confirm against the repo/entity index before insertion; public web search found no exact Techadyant player-page match.
Janatics Industrial Automation Private Limited,B,NEW_ENTITY,Industrial Automation,,Expo-listed; OSINT screening,Proposed new Atlas entity. Confirm against the repo/entity index before insertion; public web search found no exact Techadyant player-page match.
JSM Composites Pvt. Ltd.,B,NEW_ENTITY,Composites,,Expo-listed; OSINT screening,Proposed new Atlas entity. Confirm against the repo/entity index before insertion; public web search found no exact Techadyant player-page match.
Macnica Cytech India Pvt Ltd,A,VERIFY_EXISTING_MATCH,Semiconductors / Electronics,,Expo-listed; OSINT screening,No exact public Techadyant player-page match found in the web search; confirm against the repo/entity index before insertion.
Maksat Technologies Pvt Ltd,A,NEW_ENTITY,UAV Communications / RF,,Expo-listed; OSINT screening,Proposed new Atlas entity. Confirm against the repo/entity index before insertion; public web search found no exact Techadyant player-page match.
Mehta Hitech Industries Limited,B,NEW_ENTITY,Materials / Manufacturing,,Expo-listed; OSINT screening,Proposed new Atlas entity. Confirm against the repo/entity index before insertion; public web search found no exact Techadyant player-page match.
Millennium Semiconductors India Private Limited,A,NEW_ENTITY,Semiconductors / Components,Drone electronics dependency mapping,Primary company source,Proposed new Atlas entity. Confirm against the repo/entity index before insertion; public web search found no exact Techadyant player-page match.
Nicomatic India Electronics Private Limited,A,NEW_ENTITY,Connectors / Interconnects,UAV interconnect / harness localisation,Primary company source,Proposed new Atlas entity. Confirm against the repo/entity index before insertion; public web search found no exact Techadyant player-page match.
Ninetron Tech,B,NEW_ENTITY,Components / Geospatial / Services,,Expo-listed; OSINT screening,Proposed new Atlas entity. Confirm against the repo/entity index before insertion; public web search found no exact Techadyant player-page match.
Nirmitsu Design Labs Private Limited,B,NEW_ENTITY,Design / AI / Technology,,Expo-listed; OSINT screening,Proposed new Atlas entity. Confirm against the repo/entity index before insertion; public web search found no exact Techadyant player-page match.
Nitpro Composites,B,NEW_ENTITY,Composites,,Expo-listed; OSINT screening,Proposed new Atlas entity. Confirm against the repo/entity index before insertion; public web search found no exact Techadyant player-page match.
Nsure Reliable Power Solutions Private Limited,A,VERIFY_EXISTING_MATCH,Battery Cells / Energy,,Expo-listed; OSINT screening,No exact public Techadyant player-page match found in the web search; confirm against the repo/entity index before insertion.
Phillips Machine Tools India Private Limited,A,NEW_ENTITY,Manufacturing Equipment,,Expo-listed; OSINT screening,Proposed new Atlas entity. Confirm against the repo/entity index before insertion; public web search found no exact Techadyant player-page match.
Rangsons Aerospace Private Limited,A,NEW_ENTITY,Aerospace / SATCOM / EW / UAV,UAV communications / EW / defence subsystems,Primary company source,Proposed new Atlas entity. Confirm against the repo/entity index before insertion; public web search found no exact Techadyant player-page match.
Robu.in,A,NEW_ENTITY,Components / Distribution / Manufacturing,,Expo-listed; OSINT screening,Proposed new Atlas entity. Confirm against the repo/entity index before insertion; public web search found no exact Techadyant player-page match.
SANH Systems Private Limited,A,NEW_ENTITY,Autonomous UAV / AI,Autonomous multi-mission UAV systems,Primary company source,Proposed new Atlas entity. Confirm against the repo/entity index before insertion; public web search found no exact Techadyant player-page match.
ShepHertz Technologies Private Limited,B,NEW_ENTITY,Cloud / Software / AI,,Expo-listed; OSINT screening,Proposed new Atlas entity. Confirm against the repo/entity index before insertion; public web search found no exact Techadyant player-page match.
SIECHEM Technologies Private Limited,B,VERIFY_EXISTING_MATCH,Materials / Manufacturing,,Expo-listed; OSINT screening,No exact public Techadyant player-page match found in the web search; confirm against the repo/entity index before insertion.
SKYi Composites Private Limited,B,NEW_ENTITY,Composites,,Expo-listed; OSINT screening,Proposed new Atlas entity. Confirm against the repo/entity index before insertion; public web search found no exact Techadyant player-page match.
Sparrotronics Private Limited,B,NEW_ENTITY,Electronics / UAV,,Expo-listed; OSINT screening,Proposed new Atlas entity. Confirm against the repo/entity index before insertion; public web search found no exact Techadyant player-page match.
Stellar Invictus Private Limited,A,NEW_ENTITY,UAS / C-UAS / AI,,Expo-listed; OSINT screening,Proposed new Atlas entity. Confirm against the repo/entity index before insertion; public web search found no exact Techadyant player-page match.
T-MOTOR,A,UPDATE_EXISTING_COMPONENT_ENTITY,Propulsion / Motors,Global propulsion benchmark / import dependency comparator,Primary company source,Existing Atlas component relationship already references T-Motor as a major ESC/motor supplier.
Tactix Ai,B,NEW_ENTITY,AI / Defence / Autonomous Systems,,Expo-listed; OSINT screening,Proposed new Atlas entity. Confirm against the repo/entity index before insertion; public web search found no exact Techadyant player-page match.
TE Connectivity,A,NEW_ENTITY,Connectors / Sensors / Power,Critical UAV interconnect technology benchmark,Primary company source,Proposed new Atlas entity. Confirm against the repo/entity index before insertion; public web search found no exact Techadyant player-page match.
Thrust Link Aerospace & Drone Technologies,B,NEW_ENTITY,Propulsion / UAV,,Expo-listed; OSINT screening,Proposed new Atlas entity. Confirm against the repo/entity index before insertion; public web search found no exact Techadyant player-page match.
Tobitek Private Limited,A,VERIFY_EXISTING_MATCH,Propulsion / BLDC Motors,,Expo-listed; OSINT screening,No exact public Techadyant player-page match found in the web search; confirm against the repo/entity index before insertion.
UAS Glory Air,B,NEW_ENTITY,UAV / Services,,Expo-listed; OSINT screening,Proposed new Atlas entity. Confirm against the repo/entity index before insertion; public web search found no exact Techadyant player-page match.
UAVGarage Private Limited,A,NEW_ENTITY,Components / Payloads / Distribution,,Expo-listed; OSINT screening,Proposed new Atlas entity. Confirm against the repo/entity index before insertion; public web search found no exact Techadyant player-page match.
Vajron Global Tech Private Limited,A,VERIFY_EXISTING_MATCH,C-UAS / Autonomous Systems,,Expo-listed; OSINT screening,No exact public Techadyant player-page match found in the web search; confirm against the repo/entity index before insertion.
Vayuron Advanced Systems Private Limited,A,NEW_ENTITY,Defence UAV / ISR / Loitering,Emerging defence ISR / VTOL / loitering architecture,Company primary/LinkedIn; operational claims require verification,Proposed new Atlas entity. Confirm against the repo/entity index before insertion; public web search found no exact Techadyant player-page match.
VU-Dynamics Private Limited,A,NEW_ENTITY,Defence UAV / Autonomy,Defence UAV platforms / launch-and-recovery / simulation,Primary company + IIT Kanpur source,Proposed new Atlas entity. Confirm against the repo/entity index before insertion; public web search found no exact Techadyant player-page match.
WARG Robotics,A,NEW_ENTITY,Autonomous Air/Ground Robotics,Air-ground autonomy + secure datalink,Primary company source,Proposed new Atlas entity. Confirm against the repo/entity index before insertion; public web search found no exact Techadyant player-page match.
XINGTO BATTERY,B,NEW_ENTITY,Battery / Energy,,Expo-listed; OSINT screening,Proposed new Atlas entity. Confirm against the repo/entity index before insertion; public web search found no exact Techadyant player-page match.
Yali Aerospace Private Limited,B,NEW_ENTITY,UAV / Autonomous Networks,,Expo-listed; OSINT screening,Proposed new Atlas entity. Confirm against the repo/entity index before insertion; public web search found no exact Techadyant player-page match.
YARI Robotics Private Limited,A,NEW_ENTITY,Avionics / GNSS / ESC / Data,Flight-control + autonomy data infrastructure,Primary company source,Proposed new Atlas entity. Confirm against the repo/entity index before insertion; public web search found no exact Techadyant player-page match.
Zerosum Technologies Pvt Ltd.,A,NEW_ENTITY,UAV Subsystems / Propulsion / Navigation / RF,UAV subsystem integration / GNSS-denied navigation,Primary company source; technology-origin claims require component-level verification,Proposed new Atlas entity. Confirm against the repo/entity index before insertion; public web search found no exact Techadyant player-page match.
ZSpace Robotics Private Limited,B,NEW_ENTITY,Robotics / Autonomous Systems,,Expo-listed; OSINT screening,Proposed new Atlas entity. Confirm against the repo/entity index before insertion; public web search found no exact Techadyant player-page match.
